seed,lnz_dynesty4000,lnz_err_dynesty4000,lnz_dynesty2000,lnz_err_dynesty2000,lnz_nismo,lnz_err_nismo,lnz_morph_dynesty,lnz_err_morph_dynesty
0,-16170.605700338061,0.07434949879178701,-16170.646747330862,0.10196707259348929,-16171.052261354062,0.059182841536506776,-16170.578676337806,0.2467579017287658
1,-15941.19407375256,0.06741410510380107,-15941.208073126478,0.09192996677648117,-15941.299909463007,0.05411267243121538,-15941.15487822491,0.1412436543812539
2,-16223.941472703676,0.0756842721534091,-16224.103640264737,0.10585418566788685,-16224.171031667454,0.05927381049703132,-16223.675227789472,0.2700102047689283
3,-16080.573520936647,0.07557153085950946,-16080.640150058596,0.10644326081616357,-16080.349356618419,0.06195788903968637,-16080.434864131848,0.2934331436804834
4,-16194.167179283157,0.094682756410396,-16194.057420594441,0.12973958467079905,-16194.081672469993,0.057315959874106516,-16194.086974871672,0.2298495587419328
5,-16237.201414312969,0.07935121284050725,-16237.035675709467,0.10915750437964158,-16237.228155806733,0.06116715560834792,-16236.954151661128,0.2867954668079924
6,-16216.132397956893,0.08498207839572615,-16215.95681937676,0.11642700226791695,-16216.373553431682,0.05624712356818785,-16216.01069010529,0.1728507254280065
7,-16158.250037823,0.08742154438542897,-16158.277938618747,0.11944997156612548,-16158.175975486978,0.06229922437421926,-16158.547727434932,0.3155993001709685
8,-16152.114227215825,0.08513773038847007,-16152.023942211727,0.11741221624499908,-16151.952011139247,0.05986453609599946,-16152.099665413874,0.2523177133372956
9,-16265.45407573221,0.08318243272809353,-16265.421835267116,0.11556517097666422,-16265.432909777059,0.05793794882096831,-16265.257965839412,0.1863646757786733
10,-16448.923672742487,0.0903166436282352,-16448.903815781283,0.12467714551333287,-16448.950291016983,0.06109157708169959,-16449.092988150936,0.2588468021329678
11,-16180.931813394955,0.07147846679391719,-16181.055183439821,0.09944913208745598,-16180.992785823006,0.056476992328417096,-16180.832960759895,0.20278471100272
12,-16303.519226446298,0.08062385101147164,-16303.593966003635,0.11012464115100848,-16303.828479145426,0.06678684135688251,-16303.348741419297,0.5103273647039523
13,-16399.607831922152,0.0798530486561153,-16399.59135664439,0.11016731264613784,-16398.89488486729,0.06572279371031754,-16399.752605038786,0.2347030935503979
14,-16178.906824508746,0.07813543753135328,-16178.888337156606,0.1086288746118902,-16178.922836519047,0.05823052498727977,-16178.958082610245,0.2010827069631388
15,-16422.95615062107,0.08270019406113231,-16423.10382125404,0.11421045286862311,-16423.01944356969,0.05549993242292966,-16423.05993716317,0.1426674282112165
16,-15972.51467937143,0.07947282055584018,-15972.461772626999,0.11122026088910908,-15972.807495726092,0.059051681331232994,-15972.4718832851,0.222142533395835
17,-16183.021357589338,0.07697775523121203,-16182.908364090159,0.10367815664017245,-16183.005828649542,0.05755621299682108,-16182.984340192235,0.1586248510244667
18,-16217.6438920845,0.09815794736250014,-16217.60611758616,0.135012397837763,-16218.084966541459,0.06100010244760141,-16218.175671693976,0.3034651254605136
19,-16086.756254573851,0.08841283737942024,-16086.864640965226,0.12196789245704111,-16086.629186011909,0.06079676052923838,-16086.635202185702,0.2158527105334985
20,-16365.509015769017,0.09614050152987842,-16365.559938235594,0.13296703529609238,-16365.592445661958,0.06417290488739054,-16365.488056188196,0.3321357133462002
21,-16066.256502967299,0.0747020397887497,-16066.354972287454,0.10402906526002294,-16066.268191972538,0.05730170770813634,-16066.267835909845,0.2000114847679699
22,-15952.565907059965,0.09986303903631165,-15952.578257751442,0.13935570272738443,-15952.756464628059,0.05968229109787813,-15952.92188569604,0.2158697363606967
23,-16127.441694151132,0.027818916757268036,-16127.449781029194,0.038825232045259735,-16127.375266264611,0.025626303981573353,,
24,-16369.06937509593,0.08230680824443479,-16369.101054873274,0.11618787289755714,-16369.853894607717,0.06404952737865262,-16369.299101777622,0.3928550302876094
25,-16087.742341660854,0.09534501738055808,-16087.64241227989,0.13203283745147096,-16088.105626881019,0.06324728873080683,-16087.959021362933,0.3321813718250965
26,-16127.494415594138,0.07210527525594781,-16127.64102656982,0.10166076384407721,-16127.575313263189,0.0579983173365949,-16127.390256788756,0.2258962625294675
27,-16283.034671359052,0.07305909935506819,-16283.018156598882,0.09958735999372405,-16283.377247430783,0.06019424504605931,-16282.75507005694,0.152928057983641
28,-16074.870129324287,0.07227130529522222,-16074.836106401344,0.09931958989207199,-16075.147836429896,0.05633587933033631,-16075.033409252135,0.1662252519603625
29,-16151.866982339692,0.07001732878994096,-16151.812255944707,0.09812296290794444,-16151.96493185835,0.05386741909863298,-16151.645180024823,0.1520536529328107
30,-16032.800578638818,0.09069185783625042,-16032.73407160509,0.12616024013580923,-16033.220910268525,0.06388630958491302,-16033.104928375607,0.3522793327305899
31,-16432.791552538714,0.09196578533958476,-16432.824734298338,0.1264960447740751,-16432.678579858544,0.06391758742505269,-16432.929821188372,0.1975823820460367
32,-16283.315668597483,0.0869393785933343,-16283.190260804835,0.11954858187754783,-16283.809284526606,0.0651900560387033,-16283.837011907655,0.3995384943502459
33,-15947.277550764014,0.04722020851189646,-15947.281471275908,0.06366922497983439,-15947.392351654553,0.045317239098746395,-15946.971650568255,0.0584358828752193
34,-16226.322762347701,0.07977715113594,-16226.179394190169,0.11083754438125397,-16226.07576177367,0.06019370919842643,-16226.471932459586,0.312056636910699
35,-16031.411653307956,0.08831943784292874,-16031.336245086784,0.12262451301057078,-16031.914215681829,0.06253205516025005,-16031.654221797278,0.3370131719634498
36,-16154.704509646557,0.08397435423429214,-16154.777078437639,0.11655633429120586,-16154.84687353669,0.06102744629795678,-16154.82244316741,0.3354431253382539
37,-16341.454528718055,0.07775827088493623,-16341.386078998523,0.10710396330462203,-16341.719090938484,0.056627911099083654,-16341.635767827574,0.2124847544461856
38,-16373.176124806463,0.07981040002339639,-16373.050728326274,0.11030860444848863,-16373.209095993654,0.05637236591391484,-16373.1282746172,0.1763119786434949
39,-16112.360427170213,0.06917809295470617,-16112.441482833938,0.09546287701617263,-16112.37137353786,0.05680711565105786,-16112.18939256574,0.183649490004267
40,-16344.588366913986,0.08692242556517252,-16344.492759171048,0.12029201489479387,-16345.016137830064,0.06305587364904704,-16345.01626520972,0.3353531157849722
41,-16378.030178382929,0.07177134961313031,-16377.958263119803,0.09780843169841245,-16378.284508348686,0.052121217390727996,-16378.091498127054,0.128150150702599
42,-16428.051347937686,0.08093406878628392,-16427.95996429391,0.11200198316827052,-16428.225871480347,0.06100500220423197,-16428.33968321527,0.2735067833506859
43,-16241.03770206489,0.08508901506271144,-16240.9125336356,0.11926251199545229,-16241.208615082394,0.06051486050889391,-16240.925180512491,0.2091066029687618
44,-16415.303046290133,0.08345271512653184,-16415.120757579116,0.11570856397633018,-16415.498631299226,0.05668482672402312,-16415.272278501947,0.2147065348414609
45,-16215.347524961402,0.09736964307621326,-16215.433304986542,0.13461127329022654,-16215.596442227928,0.06196770442760222,-16215.227592998104,0.3001739452775406
46,-16083.547541488697,0.07255278988105418,-16083.454115777155,0.10110956688775152,-16083.760580898208,0.05373016757046147,-16083.463046084084,0.1262832623179423
47,-16210.844779589914,0.07327941642784168,-16210.92540224035,0.10184982493045636,-16210.844203058776,0.05682237359715406,-16210.945830072003,0.2043121341365305
48,-16518.599483413607,0.07570529587028774,-16518.613098362486,0.10591396227470819,-16518.71109299011,0.061126173872285416,-16518.580935960654,0.2539476014236259
49,-16220.184456924377,0.07567906152831808,-16220.049781487933,0.10401073463441059,-16220.554191557427,0.05512753709603523,-16220.261493207814,0.174564980700626
50,-16134.157264255888,0.08143629753465682,-16134.110211632576,0.1125450344766492,-16133.990466389057,0.063207972383701,-16134.170786533185,0.249694509154847
51,-16091.187468622717,0.07310987917921284,-16091.04690232729,0.09965022200865895,-16091.26698928494,0.05681856402201184,-16091.28072420942,0.1886324400791846
52,-16033.394285263634,0.0660866873004672,-16033.393715115686,0.09198868449758062,-16033.513709374763,0.051743224971854504,-16032.992034648823,0.1378464480945465
53,-16190.87033499668,0.06369825195564362,-16190.787185516021,0.08902183607894723,-16190.928777486739,0.05553888931716498,-16190.46030110652,0.143615495284953
54,-16396.529450446218,0.08453758247977271,-16396.6704373257,0.11795499412505205,-16396.935659539122,0.05640880703777882,-16396.16047175223,0.1942605890030285
55,-16402.04489567114,0.06895666170654513,-16402.08256202551,0.0966885295702948,-16401.8297806254,0.057905674835412334,-16401.96782242249,0.1653054960541927
56,-16226.905196010723,0.07345031394155331,-16226.934676448198,0.10498331545114332,-16227.160608059747,0.05829030430034564,-16226.924553042436,0.2300360835289071
57,-16073.508141477738,0.07688073455438366,-16073.402896158896,0.1056857596426716,-16073.628848126758,0.06458519477840804,-16073.260549832878,0.3053686457054184
58,-16408.122699509615,0.07953085213774165,-16408.08059634359,0.1106886412035059,-16408.19317748406,0.06124934635812071,-16407.966141536966,0.3043376759893543
59,-16094.560407940757,0.07635907805588446,-16094.665960550017,0.10646760993563711,-16094.731980375862,0.05766528366815993,-16094.692970455675,0.2195189541451807
60,-16095.553724539073,0.0813417456260713,-16095.50998279093,0.1112383340743411,-16095.835308184838,0.06208970753832617,-16095.45196572288,0.2971937515409965
61,-16118.433413394032,0.06989354406483042,-16118.506317134385,0.09747878974098959,-16118.61493395595,0.05443866010687276,-16118.433735362598,0.1617511498224456
62,-15961.521138396878,0.07044667398678563,-15961.48067716354,0.09690464520096397,-15961.657106481858,0.056468842922257526,-15961.235032854333,0.1762648717209968
63,-16122.472894897115,0.079186813145253,-16122.54539644327,0.11042183127050045,-16122.724139159325,0.0633041729544045,-16122.419848176136,0.3506783970019952
64,-16280.996210987269,0.04199558735707092,-16281.021368967122,0.058030614735064504,-16281.096261602059,0.037789395453164426,-16280.663197546884,0.0410554808746324
65,-16183.643179640121,0.07120089961916864,-16183.733512763201,0.0985111468260013,-16183.713948949695,0.052621226910542315,-16183.368611147494,0.1531592985273607
66,-16363.57995411352,0.07174089250202569,-16363.681389935253,0.10038439828285349,-16363.697083121699,0.053776895210358076,-16363.538670305725,0.1396070848094916
67,-16195.5738781538,0.08449134975901422,-16195.436862365077,0.11530813661286023,-16196.036675140867,0.05724348304122457,-16195.444825858827,0.1819772407807616
68,-16401.335656843785,0.08138555258754107,-16401.413787505153,0.11285564501240913,-16401.56792927118,0.05878460453649227,-16401.45665023284,0.2263236107281589
69,-16200.301151109765,0.07263967012927158,-16200.323956563494,0.10075034686634243,-16200.605597772395,0.05406354115875364,-16200.29002908183,0.147204138572498
70,-16249.684633935418,0.07152632737405024,-16249.68371499594,0.09821751042941358,-16249.762798219492,0.0546095199030372,-16249.637262983126,0.1357300535350371
71,-16349.486735662062,0.06728271232656408,-16349.401560794477,0.09328807480602647,-16349.411756054998,0.05223020869783552,-16349.225376841368,0.1280840347409243
72,-16301.033097477582,0.07211378731460079,-16301.092937528589,0.09906540749457898,-16300.923788076936,0.0565109707278786,-16300.83870208104,0.1584301927784153
73,-16212.17611581879,0.0847761482845383,-16212.111893362273,0.11602855237496149,-16212.381574236166,0.061711403651769796,-16212.378527573665,0.2523805633895704
74,-16382.142675477935,0.0787318591958928,-16382.084608875612,0.10807494515750886,-16382.138917260914,0.05749586673084944,-16382.100208614544,0.221079224253684
75,-16258.649186202427,0.06784834804417121,-16258.556335170075,0.09585983997973861,-16258.74996766389,0.05162775335326832,-16258.483694574006,0.1228843969915121
76,-16144.076092460587,0.06514163906171895,-16143.962586021704,0.09187284245914705,-16144.41772273723,0.05704903462932909,-16143.893334046354,0.1726605327388636
77,-16121.777006299148,0.07300846018322096,-16121.770970981072,0.10204553131424884,-16121.421912032574,0.06059345463988521,-16121.517660101516,0.2446624710490572
78,-16314.402570857555,0.057628682665169774,-16314.28537167854,0.0778141032093615,-16314.72425892961,0.05237622497444661,-16314.153807955305,0.1130544050609018
79,-16298.57864449504,0.06968890768611741,-16298.482638520796,0.09624547534361533,-16298.762728597863,0.0595633774957078,-16298.62907911477,0.2044863856968037
80,-16378.99843581893,0.08903195439214577,-16378.852334844665,0.12305553211325881,-16379.277520972613,0.060350705869294904,-16379.276005352827,0.2665453940918891
81,-16315.079435583835,0.07326438138994446,-16315.043361746655,0.10030772231848978,-16315.437031840442,0.05817889893404766,-16315.357177940696,0.1935477638511407
82,-16414.728239546475,0.06858826801280787,-16414.70072228092,0.09532599025079687,-16414.80995667389,0.05468140925316395,-16414.666734452214,0.1521627214554718
83,-16362.167708604895,0.07433474746348046,-16362.21018565805,0.10303822942382686,-16361.950501133337,0.056009425235787745,-16362.3216457718,0.1908527871323407
84,-16049.554846705774,0.06259724063545967,-16049.688313745135,0.08771898397087141,-16049.828735533481,0.05036593660477041,-16049.416365601272,0.1170324477992896
85,-16373.037975212781,0.08966487903174916,-16372.926451103234,0.12260408869430427,-16372.185420837517,0.0632041160955325,-16372.614558711011,0.2922506778503365
86,-16291.323218426356,0.06940622220476102,-16291.326019747254,0.09622635925373278,-16291.522747189409,0.057238488047303554,-16291.357739655556,0.2058202142601649
87,-16162.881175069251,0.06660476692595067,-16162.674966591852,0.09394604931717283,-16162.879044078563,0.05496879660269384,-16162.578341008631,0.1277899816278453
88,-16302.722362866723,0.08442071647290164,-16302.748217372433,0.11647005885046151,-16302.840951095868,0.05599490140616319,-16302.91334692906,0.1684454678907581
89,-15969.901427148778,0.07808746819196903,-15969.830120753553,0.10886530184145349,-15970.236821302946,0.057341955554846974,-15969.877706470015,0.2012201554686568
90,-16121.108437800502,0.07291983490145318,-16121.086190696442,0.09990133677877536,-16121.199841201264,0.05126949495238434,-16121.008574196389,0.1189255036827404
91,-16085.344395276843,0.08059519955191578,-16085.344720232015,0.11298615812897843,-16085.432315560864,0.05645104423898369,-16085.323246931575,0.1796056978896733
92,-16289.263103806015,0.07754786822553732,-16289.07087167953,0.10753861303171999,-16289.170892385884,0.05858095176660165,-16289.198565981542,0.2240665607089166
93,-16261.399568369106,0.06721978260729718,-16261.481196198103,0.09442758732147886,-16261.680047782374,0.05504072339514785,-16261.386876218228,0.1562256280593256
94,-16260.256702695056,0.06900036970687741,-16260.315599938876,0.09631850999187129,-16260.552515697094,0.05549914957588805,-16259.869367108044,0.1771316544901738
95,-16233.210428496575,0.06363288995283889,-16233.079287638498,0.08621574604916023,-16233.35451678851,0.054772813634561664,-16232.885808106144,0.1382810609010276
96,-16190.81275044139,0.06492344564954934,-16190.860991174834,0.086985407106647,-16190.944996874703,0.05499959055822733,-16190.788129377945,0.1558095637348835
97,-16339.299394015216,0.07892765873209176,-16339.306604432591,0.1093547651774319,-16339.538521182098,0.059257159596311296,-16339.441968183752,0.2240937185499109
98,-16345.307811716528,0.07904382532463927,-16345.402718347024,0.10999102431472109,-16345.49494354333,0.05243032715307274,-16345.267539583789,0.1284051801926977
99,-16067.663025517879,0.06299018499846093,-16067.60887642384,0.08845588335703791,-16067.759075265183,0.05196595562833257,-16067.54029414613,0.1184606597760915
